id,target
2142,0
3846,0
6177,0
11779,0
1593,1
14748,2
11962,1
3464,0
12335,0
8760,0
7516,2
901,1
6254,3
2588,2
1471,0
3368,1
12929,0
913,2
4245,0
12917,1
14499,0
6833,0
5366,2
7432,0
8247,4
11905,2
11551,4
6156,1
1109,4
9402,0
10371,0
13591,0
14529,1
355,0
12893,0
8715,3
1520,1
9585,0
10131,4
3399,3
9207,4
6531,4
2897,1
11846,4
12614,0
2155,0
169,3
992,0
4027,0
10783,2
670,2
14809,0
4748,0
10629,4
11913,0
12869,4
8473,4
10590,0
3185,0
4653,0
9026,0
12369,0
13440,3
5341,2
4768,4
5348,0
13400,4
8962,0
68,0
8110,0
14990,1
5764,4
216,2
12418,2
650,4
4452,0
6605,4
13060,0
14260,0
9035,1
11182,4
3819,1
10739,0
6032,0
5645,0
14707,1
3196,1
13507,4
12679,1
3098,0
724,0
9872,0
7131,2
7062,0
667,0
6016,0
2953,2
5521,0
13518,0
3014,0
4949,0
573,0
9229,3
2197,0
5898,0
8616,3
13387,2
11591,0
12134,2
1864,1
2989,4
5894,0
10205,4
13194,4
4095,3
13195,0
210,0
317,0
10290,4
13670,4
5168,0
11039,0
11786,0
1912,0
12932,4
6135,2
12752,0
10200,1
11750,2
11020,0
6130,0
1521,2
4435,0
7522,0
138,2
6494,0
5067,0
11567,4
3164,4
5509,0
9992,2
2940,2
11612,4
8798,0
7055,0
2627,2
9572,0
11471,0
12360,2
4953,2
2737,0
12813,1
6344,1
6301,2
4997,0
11933,4
5183,2
5635,1
4211,1
14837,4
5601,1
9283,0
13083,2
13105,0
13969,0
3362,4
13265,0
11206,4
12636,0
11157,0
10855,0
3147,4
8262,4
14218,2
13120,2
10666,0
14045,4
4846,0
4454,0
1291,0
9206,1
12290,0
7618,0
8016,4
9261,0
10844,2
3499,2
2191,1
10621,0
5358,0
3036,0
11620,0
13890,0
11178,0
11441,1
6093,3
2982,1
10203,0
8943,2
9747,3
2016,2
8506,0
4989,2
1535,0
10699,4
6743,0
5173,0
4898,0
6572,2
12140,0
7861,1
14592,0
1187,0
12411,0
14502,0
7074,0
13646,0
4135,4
6351,1
7399,3
4699,1
1759,2
12839,2
6891,1
8651,2
100,0
3506,1
10193,0
8475,0
12315,0
7990,3
2066,0
14936,0
5691,0
3169,0
14935,0
11849,1
3775,1
4403,1
10069,1
10837,0
7993,0
3518,3
12782,4
12031,0
13168,1
174,0
663,0
8242,1
11395,0
3030,0
532,4
6982,4
1079,0
1304,2
8686,0
13627,0
5869,0
11984,2
5380,1
487,3
7352,0
2075,4
164,0
14517,0
12120,0
1907,0
3833,1
5226,0
13999,0
429,2
2521,3
3908,1
10447,0
7645,0
669,0
1571,0
12645,3
14715,0
9896,1
5526,0
83,0
4550,3
4061,0
15,2
14236,0
11399,1
8693,3
6901,2
7904,4
10843,4
14053,0
2921,0
3865,0
3496,1
3612,0
14941,1
7346,2
13844,4
14779,0
7438,0
10457,0
4359,3
3366,4
11646,1
7824,0
3614,0
8182,0
7214,0
4810,0
8940,1
12699,0
11810,0
9508,0
1942,0
9546,1
6136,4
14184,2
13230,3
613,0
9315,0
3508,1
1241,0
14851,0
5789,2
8606,2
11121,1
11952,2
7325,0
14532,0
463,1
7573,3
1541,2
6914,1
4686,0
12577,0
6087,0
3490,0
4482,1
1181,0
3915,0
2797,0
3361,4
14375,0
14952,0
7313,0
241,0
11428,0
7265,2
12847,2
6392,0
1984,0
9071,0
2122,0
10234,0
7357,0
11830,0
14868,1
10751,0
14390,0
3507,0
3921,1
458,1
9231,2
5002,4
3876,2
9370,1
14956,4
11401,1
14444,0
9697,2
3260,0
2235,2
7411,0
8045,0
5949,4
13769,1
1200,0
3815,4
14326,0
11907,0
6522,2
9940,0
1607,1
2992,0
14576,1
13158,1
9353,0
11339,4
9706,0
6440,0
2885,0
1232,3
1793,0
14312,0
5860,0
5479,4
11076,4
2755,2
6346,2
3666,2
5678,0
1006,0
8320,0
11276,4
1989,0
11023,4
8720,4
9529,0
4481,0
544,3
58,4
10344,4
556,0
11468,2
14058,1
6754,0
12831,0
11781,0
14693,1
5351,0
2929,0
14050,0
6447,0
10327,1
8286,0
8533,0
10497,0
8566,3
508,0
6487,0
14175,0
13321,0
4261,0
836,0
11079,0
10548,0
7581,0
8013,0
1666,4
1157,2
3935,0
11712,4
3667,0
2650,0
4639,4
9434,0
5272,0
2154,1
1155,0
12089,1
7895,2
435,0
3852,3
801,2
14795,0
12336,0
5783,0
1923,4
604,4
4146,3
4735,0
946,0
8296,0
9902,2
8975,0
3347,0
4150,1
14498,0
6677,0
14212,4
11179,2
11030,0
7514,0
6854,0
13699,3
1201,0
5171,0
9708,2
8459,0
14553,1
11004,0
12269,0
4023,0
13381,4
9700,0
1305,3
6083,1
7440,0
2971,0
5700,1
13538,4
13748,4
9904,2
6383,1
13218,1
11075,1
1320,0
9093,0
539,3
13753,4
9224,0
10727,2
3205,3
3986,4
9795,0
10137,3
7247,4
6162,1
11918,0
4635,1
13253,4
8521,2
13545,0
2790,2
10540,2
12648,0
5621,0
7660,0
2157,0
9877,0
9168,0
4514,0
6602,0
3234,2
12320,2
7536,0
8882,0
82,1
1792,0
10042,0
3912,0
8343,0
7733,2
4190,0
9669,0
4252,3
13389,2
8046,1
4527,2
4906,1
10770,3
2257,0
7246,0
5387,1
9049,0
5819,4
8561,3
11138,0
9419,0
13247,1
13156,0
2561,0
3596,0
12041,0
518,0
272,4
9467,0
13200,1
10332,0
6131,0
13884,4
13582,0
141,1
436,4
1124,0
103,1
6028,0
10379,0
10522,0
11932,0
3103,0
10791,0
1357,1
13797,0
13335,1
10631,0
9483,4
10115,1
10864,2
7763,2
9372,1
3429,2
30,0
1421,4
4346,2
12759,1
1614,0
14974,3
3525,2
1740,1
3603,2
13066,2
4075,0
129,0
12574,0
4345,0
9825,4
9927,1
1508,0
14741,1
2369,2
6389,0
13657,3
11485,0
4127,1
4068,0
10541,4
2361,0
5735,0
14737,0
14432,2
10346,1
9817,0
4909,0
3929,4
12056,1
13177,0
7575,1
10981,0
9216,0
3503,4
1766,1
14496,1
8012,1
11430,4
1284,2
9223,2
14684,2
5215,3
12549,0
8085,1
8773,2
7101,4
1770,1
674,2
3713,4
9917,0
2667,0
10297,4
7663,0
1707,0
5615,0
8988,4
6043,0
6251,0
5060,0
5944,4
9670,0
9911,4
2944,0
7681,0
6298,0
2731,0
6058,1
75,4
9762,0
11131,1
7938,1
1292,4
1859,3
221,0
2239,2
7913,0
11184,1
10601,0
14012,2
7790,0
8482,3
8311,0
14234,0
14587,0
10852,4
407,4
9932,0
8155,0
4374,0
11025,0
2713,4
12817,0
4264,3
6382,1
14900,2
7103,1
9864,4
10798,0
13973,0
13145,1
564,0
5141,0
3286,1
13616,0
11172,0
4251,0
8935,0
14085,4
7456,0
11062,0
7316,2
12114,1
12724,3
14785,0
10931,0
12733,0
2339,0
2696,0
6868,1
3920,4
7429,0
5049,0
3390,0
12812,0
12982,0
6342,0
1967,0
6764,0
60,2
9562,0
12246,4
12904,1
13681,0
13436,0
8650,0
11557,0
7858,4
4471,2
8325,0
5786,1
6250,0
10356,2
1174,4
4409,3
5492,2
4283,0
7092,4
12087,0
6981,1
14519,0
11213,1
14650,2
7172,1
2326,3
6705,0
6576,0
8348,0
6104,0
849,0
5996,2
10098,0
10714,4
5590,4
7566,0
6671,4
2359,2
6323,4
8352,2
1889,0
12364,3
13042,0
4189,1
8039,1
12950,0
2645,0
3590,0
7223,4
13853,3
10330,4
9324,0
10528,1
7750,0
10317,0
14191,0
9560,0
12519,0
8595,0
9053,0
13611,2
4438,0
203,2
13096,0
14265,0
2774,2
13958,2
4821,1
13469,0
9884,4
10519,0
4805,1
5676,2
13106,1
5350,2
3588,1
14359,3
7359,0
13508,0
2697,1
3264,0
1033,0
6699,0
3186,2
12206,0
10687,0
12255,4
13723,0
5567,0
9796,0
1639,0
4919,4
12304,0
9721,2
3334,0
9078,0
12091,1
7275,0
14463,0
6459,0
3443,0
2635,0
13924,1
6695,0
12915,2
13651,4
754,2
8522,0
6578,0
7782,1
6586,2
1586,0
14134,4
6035,0
4884,1
2979,0
2514,1
8571,0
14901,2
809,0
8847,0
744,0
2675,4
5174,0
5917,0
7380,1
7911,4
3448,4
2762,2
7698,2
12949,0
3452,1
8477,0
2814,0
7161,0
14751,0
12572,1
3718,0
2807,1
7469,2
1351,1
4687,0
14152,2
3201,0
8989,2
9582,0
3597,4
10772,4
4052,0
2874,4
4226,1
14486,2
6653,4
1699,0
4515,2
5999,1
9362,0
3165,1
13014,4
9653,3
2776,0
12424,0
4289,0
4530,0
9455,0
14151,3
14947,0
14744,2
2198,0
4716,0
3237,0
12427,0
12284,2
11351,0
6566,2
3639,4
8431,0
6277,0
5107,3
7176,2
13672,0
7118,0
6377,1
5958,1
11211,4
7719,0
3271,0
13263,0
1640,0
6187,0
1445,0
4281,1
4988,2
6444,3
13047,4
3513,0
4383,4
2907,1
4903,0
6500,0
6493,2
3706,3
11824,1
7362,0
12987,2
1037,0
12124,0
8365,4
546,0
4250,4
7367,0
4249,0
2875,2
11345,1
10525,0
14769,0
13441,2
1092,1
14456,0
4343,0
11969,3
10047,0
2507,3
9568,0
2486,4
10656,4
13478,3
6515,2
1739,0
14261,1
1375,4
5908,4
8864,4
12602,0
13796,0
5831,4
4421,0
1135,0
4449,0
1228,0
14289,0
13224,0
5562,0
1426,1
9376,0
4815,0
3126,0
4247,2
9413,0
1480,0
11434,4
10398,0
13761,1
8276,2
7758,2
11901,1
2618,1
3123,3
10431,4
4119,2
7462,3
14590,0
8346,0
9215,0
10738,3
4143,0
14181,0
11640,4
14643,0
3900,0
4484,0
8167,0
9341,1
5864,4
12300,4
13949,3
794,0
3965,0
13212,0
12739,0
14652,1
1349,1
3835,2
14518,0
14964,4
14719,0
2555,0
9800,0
8770,1
346,0
942,0
7200,3
12597,0
3385,3
1315,1
1029,0
8552,0
6240,1
4623,0
11606,3
13930,0
8971,1
8377,2
1589,0
263,2
7631,4
13123,0
9085,0
14844,0
6983,0
7284,2
7276,3
4711,3
14254,4
7452,1
1295,0
2805,2
4389,0
6544,4
13770,1
6391,0
10345,0
4566,0
920,1
7047,0
558,0
10879,0
13669,0
6303,0
5334,4
11631,0
13137,0
10724,0
12261,1
5405,0
1286,0
5959,0
11478,0
13544,0
10862,0
4630,0
5624,0
3213,2
12333,0
12166,3
13121,4
398,0
5054,0
7068,3
5788,0
56,2
8664,0
5103,4
3096,4
2537,0
2935,0
10142,0
13713,0
1034,2
4101,4
7900,2
4867,0
10564,0
14688,4
8921,0
6296,2
7215,1
1098,0
6479,0
2937,1
10990,0
882,0
2581,0
5281,1
1236,0
2816,0
7691,4
8356,1
369,0
9122,3
6253,4
1902,4
14612,2
4423,0
14300,0
8476,0
11787,2
8216,0
8996,0
9869,2
8756,1
6864,0
3728,0
12420,1
11838,0
12309,0
13911,0
3437,4
11902,2
3419,0
10273,1
4265,2
14095,2
9880,1
12853,0
7689,0
311,4
12385,1
8673,2
12322,0
6486,4
13764,4
5114,1
11224,0
2270,0
6491,4
7204,0
7008,4
12410,4
5614,0
5540,0
6994,2
7348,0
6110,0
13463,0
1075,4
9095,0
10558,3
14830,4
6101,1
12101,2
9194,0
5254,0
11790,0
5306,0
9062,4
8809,0
7982,0
10752,1
944,4
8932,0
5148,0
8478,1
894,4
11723,0
4028,0
2753,0
657,2
13819,4
2141,1
3105,0
11845,3
10477,4
1125,0
12037,0
1822,0
13675,4
671,4
4892,4
133,0
2699,0
855,4
8801,3
9818,4
4367,0
344,0
4820,0
3202,0
11417,0
7654,1
11891,0
5646,0
9140,1
10218,0
3430,1
11349,0
12319,0
4564,2
8215,0
8596,1
12242,4
10813,0
14697,2
10876,2
4269,1
5584,3
1138,0
14413,1
9301,2
11275,0
8743,0
11936,0
880,4
2917,0
11167,0
7358,0
6297,4
9654,4
11305,0
8073,0
12809,1
812,1
10675,0
8846,1
7940,0
8177,0
8731,2
14304,0
13603,0
6550,3
5568,0
265,0
682,2
6498,0
14211,2
2350,0
3246,2
7369,1
9857,2
10711,1
8127,0
3245,1
8727,0
10409,2
322,0
5636,0
6061,2
7735,4
4201,0
10434,0
4891,0
8886,1
2733,1
4968,3
9343,0
3285,0
5330,0
1884,0
2452,2
912,1
4058,3
2052,0
14238,4
13022,0
14021,0
5065,0
1831,0
930,0
9043,1
2994,0
7734,3
8553,4
8885,0
10983,3
8768,1
4469,0
2212,2
9681,4
3722,2
3611,0
8628,0
6600,0
14439,3
8065,0
4304,2
4875,0
523,0
13730,0
12683,0
3992,0
9142,4
6490,0
14811,0
13100,0
11665,1
4093,0
736,4
12473,4
7885,4
4457,0
13918,3
5588,0
14358,0
6701,0
8437,1
8261,0
12871,0
10242,0
10856,0
5163,2
619,4
8871,1
5648,2
8681,0
10433,1
10400,4
7406,0
1877,1
1009,3
866,4
7640,0
4751,4
5160,0
14911,1
918,1
8611,1
7558,1
6053,2
13909,1
3048,0
5449,0
608,1
14512,3
4240,0
1049,0
6349,4
8575,1
4461,0
8568,0
7797,4
13810,0
2777,1
9038,0
11091,4
13467,1
12711,0
8789,4
10063,0
14980,3
3470,0
2957,1
10044,4
2163,1
2460,4
7382,1
1968,0
8403,1
3744,0
13617,0
10599,4
11316,3
8728,2
4510,0
8969,4
4229,1
10245,4
1053,4
1490,4
1661,2
5433,2
330,0
4062,0
3467,0
1698,0
11320,1
5175,0
10178,0
13992,1
9202,3
6736,0
4645,1
4364,0
10571,1
4301,2
1978,0
6096,0
8047,2
2574,0
2583,0
13527,0
12681,0
4050,0
10735,0
4051,0
128,0
8119,0
11986,4
1209,0
10080,0
5288,0
13038,0
11116,4
14774,1
11527,0
12297,0
8551,0
6733,0
11505,0
6143,0
10422,0
235,0
10339,4
9447,0
6266,4
1533,0
2134,0
2436,0
11708,0
7850,1
9831,2
7056,0
10353,1
1206,2
8685,0
4568,0
12651,3
1786,0
8827,0
12803,1
6630,3
5649,0
7540,0
2390,0
6367,0
3291,0
14892,3
5537,2
8793,0
581,3
9374,0
1910,0
13496,0
6119,1
11260,4
5887,0
14528,0
13963,0
9634,4
1954,0
13956,0
5834,0
2649,3
4541,0
9318,4
4255,4
7901,0
7614,0
782,0
14026,0
4430,0
10626,0
9959,4
1296,0
4307,0
12835,0
9371,2
5483,4
11376,1
302,4
7206,0
14075,0
493,0
3392,2
2589,0
9397,2
347,0
7213,1
13176,0
5986,0
9269,0
13914,4
10811,0
7303,1
9031,0
90,0
8200,0
4600,1
5544,0
12595,0
9684,2
150,2
7171,2
13597,4
8191,2
12316,4
8920,1
7860,1
13703,0
4431,2
163,0
827,0
5581,0
3795,0
8293,1
12968,0
12543,0
11163,0
3512,0
4692,0
4386,1
11464,1
7344,0
7740,0
8498,3
941,2
13576,0
14962,0
12323,3
6583,0
9452,2
5830,4
9887,0
11164,3
7321,2
2033,2
1207,1
9947,0
9953,0
3411,1
6374,2
6067,0
5210,0
7379,4
4640,3
10103,0
14208,4
3556,0
12692,0
13330,0
10700,3
12779,4
7626,2
3219,4
307,0
3424,4
13392,0
2535,0
2570,0
5014,4
6638,0
14205,0
3039,0
10354,2
2966,0
11347,3
7287,0
72,0
14551,0
10681,0
8624,0
7337,0
6158,0
5989,0
6085,4
3817,3
12971,1
2024,2
1916,1
6184,0
10045,0
6628,0
13952,0
1870,4
13832,0
1313,2
14895,4
354,0
3532,0
1061,0
1976,0
8330,0
1498,0
4089,0
7100,0
12057,0
2831,0
5628,0
9767,2
6540,0
7521,0
7653,0
301,2
6794,0
5847,0
4282,0
3094,4
5728,4
12838,0
12438,0
10255,2
14913,1
9665,3
12125,4
7274,0
14658,2
5417,3
4589,0
11419,0
3328,4
5404,0
14371,0
4974,4
13751,0
2548,0
3208,0
1736,0
13417,3
4533,2
12173,0
13843,0
10975,0
6208,0
3433,0
11047,0
2769,0
7340,1
8456,3
1964,2
6828,0
661,3
13940,1
7595,2
6286,4
6678,1
12629,0
13595,0
7180,0
8156,0
1087,2
9625,0
5098,3
8467,2
2196,2
14020,4
14327,0
7445,0
3222,0
2743,2
10340,3
10836,0
8453,0
8471,0
11331,0
10838,1
13117,0
11722,2
5031,0
9577,0
11438,2
11522,0
3431,0
10962,1
7078,1
11231,0
13172,0
1462,1
1799,2
13536,0
1105,2
11264,0
11788,0
9527,0
14632,2
6631,4
5372,1
2924,3
7920,0
7342,0
2838,0
4819,1
2111,2
6557,1
5850,1
7815,1
12947,4
3182,0
14369,3
6189,4
4378,0
1099,0
5,0
9199,2
13086,1
8931,0
4644,0
4964,2
12479,0
12933,0
5078,4
5589,0
1378,1
11823,0
5102,4
1844,1
9847,4
7268,1
1224,0
9335,2
6842,4
12407,0
11029,4
7792,0
11337,4
7472,0
13376,0
464,0
5263,2
2283,0
14418,1
4455,0
10378,0
7059,0
11711,0
12174,0
8195,0
7333,0
6789,0
12307,0
8283,0
6472,4
6832,0
10152,4
5630,0
10459,0
2651,0
9008,2
13226,0
8226,3
248,3
8515,1
3804,0
4855,4
1983,0
7622,0
1008,0
10316,4
10925,0
11103,0
2613,0
5527,3
5298,0
779,0
5084,0
11992,1
2132,0
7667,3
11588,0
14193,0
2562,1
10123,0
5125,0
11675,3
9325,0
5383,0
121,1
6657,3
7202,0
6124,4
3626,0
10706,0
11435,4
2434,2
14862,0
1554,0
10484,4
7597,0
13630,3
1885,3
6235,0
314,1
12899,1
10645,4
1655,0
1867,0
2758,4
2735,1
9745,4
14224,1
13619,4
3932,2
5817,3
2793,0
12631,2
2532,2
574,0
7422,0
4392,0
13000,0
12666,0
7205,1
10924,4
6801,0
1360,0
1596,1
12110,1
12569,4
9523,0
4943,0
5070,4
897,1
12130,2
13986,1
1861,0
10204,2
14822,3
12085,1
6601,1
2219,1
4385,2
10947,1
2578,2
6972,1
13866,0
11363,0
13006,0
7454,3
13010,1
7236,0
2354,0
5606,3
6068,3
10698,2
4698,0
7674,0
1753,0
4270,0
8512,4
14954,0
12937,0
5136,0
11432,0
9550,1
4747,0
207,0
6379,0
6230,0
2429,1
1823,2
6745,3
13604,2
14611,1
8342,0
14923,3
8643,0
4173,2
337,0
5880,0
3446,1
10490,1
5123,2
655,1
1833,0
12720,0
13529,2
2484,4
2916,3
3734,0
5250,1
12065,1
541,0
12593,0
504,0
2648,1
11165,4
14633,4
10418,4
13452,0
6169,0
10538,0
2832,0
13585,0
9661,0
10086,0
3292,2
2252,4
5616,2
14823,2
10545,0
8934,2
9540,0
14479,3
5258,0
8625,3
10747,1
9243,0
12390,3
292,0
7042,0
11594,0
1695,0
8002,0
9167,0
5364,4
5384,2
11122,2
1830,0
10853,4
11979,1
11792,2
6025,1
9077,0
2529,0
12330,0
12565,0
6665,4
4866,4
11701,4
7673,3
8569,4
803,4
4017,1
13705,0
14570,0
8633,3
12832,0
6271,0
4556,1
12093,1
8081,1
11279,0
11826,4
9666,0
978,3
8758,2
1070,0
6244,3
14833,0
12328,0
11472,2
14740,2
67,4
8366,2
10253,4
4044,0
4586,4
11529,0
12709,4
11494,0
12202,0
2557,1
6373,0
11777,0
7315,0
5244,4
434,4
4437,0
8615,0
14426,0
12381,0
9185,2
14606,0
4402,1
13601,4
4165,0
1010,1
14566,0
1047,4
13827,0
10805,0
1171,3
7043,4
2291,0
10325,2
9150,0
3375,2
9001,0
1478,0
3693,0
7563,4
12476,0
4472,0
947,2
4894,0
9589,0
10138,1
1026,0
9391,0
2124,0
9823,0
12340,4
6497,0
13530,1
8267,2
7922,0
1555,0
4102,0
14790,2
3178,4
3820,0
519,0
5600,0
5135,2
4652,2
3705,0
8894,0
11807,1
13732,4
2338,0
5749,2
1876,4
9450,0
4302,0
1584,0
10249,0
11119,1
97,0
4546,0
13447,4
275,0
701,0
2325,0
10282,1
10405,0
9903,0
10033,0
12376,2
6001,3
13378,2
9227,4
4400,1
8985,4
2841,1
10695,2
7986,2
12032,1
2815,1
9377,3
118,0
6855,0
13712,0
9652,4
9643,0
2237,1
14472,0
11355,4
2201,4
3329,2
10883,0
8071,0
12175,0
250,0
14912,4
10476,0
281,0
9628,0
3377,3
5609,4
9036,4
11393,4
13139,0
11166,2
6964,1
1404,1
12690,0
11105,3
5212,0
4215,2
10168,1
1922,0
1120,0
9473,0
6376,1
11672,2
4120,3
10890,4
9849,0
10511,0
958,1
1054,0
4952,1
11973,2
3442,2
9385,2
13340,0
13502,1
4628,2
9500,0
88,1
11870,0
9083,1
14623,0
9997,2
13250,1
12584,4
1800,0
12439,0
10043,0
13102,0
14765,2
3981,4
10555,2
1731,0
158,3
12230,0
7559,1
6898,0
3897,0
12707,0
4205,2
247,1
14138,0
9208,0
6521,0
6215,4
6589,2
12011,0
2216,4
8474,2
6649,0
4707,0
13851,0
8087,0
13694,0
13739,2
8558,0
2513,2
1936,1
11141,0
1826,4
14824,2
1509,0
6155,0
6618,0
10157,1
1243,0
1728,4
12349,1
14240,0
47,0
5214,4
10719,0
4886,0
8792,1
1625,0
4091,0
12820,2
462,0
7764,0
3203,0
11537,1
773,0
5888,0
4616,4
11356,2
270,0
14416,0
10959,1
1588,0
6089,2
13656,0
7335,0
1564,1
14984,2
14710,2
689,0
425,0
14128,0
9717,0
14773,0
12954,1
12957,0
10506,0
756,0
7064,0
3133,0
14186,0
3754,1
9723,1
7611,2
18,0
14859,0
14691,0
2820,0
7964,2
5468,4
7935,0
1788,3
3351,0
5169,1
569,1
8015,0
8404,2
10882,0
9551,3
1328,2
9097,2
7826,0
130,1
13663,0
12338,2
14319,0
11741,1
8159,4
5498,0
8077,1
7583,3
9247,4
561,0
12664,3
10614,0
14269,2
10515,1
6078,0
7127,0
7664,4
4234,0
8260,0
9826,3
12283,4
4297,1
13443,0
4925,0
12138,0
1621,3
7605,0
13135,0
14363,0
9809,1
13382,0
5185,0
7083,0
9978,0
13486,0
11998,4
8245,0
13687,4
936,0
5843,3
8701,1
7363,2
13364,4
9054,3
7562,0
5395,4
6395,0
14674,4
7715,2
745,2
2244,0
11584,3
13747,0
5026,1
2021,0
10070,4
3669,4
14038,4
9195,0
2439,4
2723,0
14271,2
7436,0
3793,1
3345,3
2312,1
2936,1
4354,0
3731,0
3130,0
3379,2
7035,1
4936,0
3955,0
13344,0
8258,0
8509,4
10746,0
6741,2
6508,0
1711,2
9091,1
238,2
9292,2
11999,1
13621,0
1591,0
7670,0
5939,0
6882,4
7208,0
9759,0
8270,0
2593,0
2408,4
14481,0
12537,0
3678,0
5342,0
3336,0
9881,0
6936,1
5028,2
3928,4
1466,0
8548,4
8722,1
10840,4
3409,0
10508,2
560,1
11558,4
7120,4
3803,4
14177,0
8409,0
4072,0
6777,0
1407,0
2604,2
7553,0
11323,0
13568,2
6890,4
3497,1
14500,0
13809,0
9541,1
4581,2
11060,0
5561,3
11457,0
8612,0
5822,0
6308,0
3297,0
1077,1
6190,4
6355,1
25,3
6263,0
13057,0
13904,0
8696,1
2933,2
10860,0
6708,2
86,0
12506,0
7997,3
12262,4
3997,4
8297,3
7121,4
10567,4
795,4
5711,4
1530,0
11117,1
13519,0
4133,0
5009,2
13107,2
8622,4
387,0
9180,3
5368,0
12421,0
14583,0
8937,0
8805,1
5354,2
12969,1
6698,2
5694,4
12288,0
14781,0
13201,1
13147,0
1953,1
8014,4
3609,0
134,3
9930,1
3694,3
9839,0
8040,2
2028,4
10661,4
2603,0
14450,4
10977,1
10132,0
3398,4
2660,0
5718,0
14692,1
8201,1
3780,4
14437,0
3733,0
8339,0
6091,0
10903,0
4911,4
6505,1
9786,1
14948,0
6609,4
8670,4
5685,0
11322,2
8577,1
14654,0
4090,3
10894,0
14349,2
12800,0
2037,0
11350,2
3816,0
12826,4
7845,0
8070,0
7437,2
6808,4
494,2
12734,0
12560,3
3406,0
13557,2
11410,0
4634,1
9644,2
9329,0
5756,0
8527,0
11354,3
259,1
3453,0
3194,2
14148,0
14955,1
11863,1
9937,2
13823,0
433,4
4512,2
7919,0
1656,3
8441,1
10024,3
13098,2
13164,0
3762,1
12834,0
9421,2
13273,0
1712,0
13461,2
363,0
2828,0
9498,2
13346,0
5299,0
1819,0
3489,4
9957,0
9728,2
6012,1
14994,4
3190,1
1475,1
7125,0
6722,1
12930,0
9750,0
13934,0
10895,0
7785,1
4672,3
12783,3
3252,0
1380,0
7914,0
5594,1
14827,0
14155,0
2308,0
9619,1
12855,0
2978,0
313,0
4106,1
10927,4
7017,0
11342,3
6403,0
4950,0
7053,1
9725,2
1032,0
13525,0
14568,2
10552,1
8708,0
6219,3
10194,0
1644,0
9068,4
14700,3
2821,0
1536,1
7090,4
3504,0
3209,0
13081,3
6809,3
5487,4
7065,0
5703,0
4377,0
13372,4
9692,0
2766,1
4576,1
2364,0
3405,2
12544,0
5043,0
1534,0
979,2
10440,0
5731,0
14537,4
5314,0
5467,0
10723,0
1343,0
14087,2
1111,1
3606,0
6467,4
14613,4
13243,0
3261,1
4777,3
43,0
7951,2
1626,0
12580,4
6881,2
5639,0
7398,4
8878,0
7902,0
9213,4
524,1
1420,4
5675,0
14006,0
2587,1
1641,0
6923,0
4008,0
7773,0
11531,3
7057,1
9088,2
7242,0
14513,0
4901,1
5620,0
7070,3
7866,0
13073,0
9982,2
13438,0
12268,4
8121,1
12043,0
5761,4
3730,0
10009,0
7442,1
8426,1
3223,1
11456,0
7066,2
3302,2
7408,0
14360,0
1246,0
5651,2
7018,1
9512,4
10790,4
6386,1
514,4
6786,1
8135,4
7424,0
9874,0
5596,0
9942,2
729,0
4094,0
13642,4
14442,0
848,4
14288,0
13781,1
4082,0
6095,2
5766,4
6336,3
1039,1
7948,2
3204,0
7010,3
7453,0
12677,0
7661,0
6879,0
2716,1
11650,2
764,0
14931,0
5375,2
13192,0
2311,0
1651,0
10171,0
14436,1
5262,0
13423,4
14407,0
3613,0
2136,0
7174,4
10697,1
5683,0
2387,4
9041,0
10914,0
11049,0
5228,1
8725,0
14846,2
14282,0
2262,0
931,0
4156,0
1878,1
8041,4
13354,0
1398,0
816,0
12785,0
12050,4
7697,4
6406,1
9593,0
13919,0
6051,3
9087,3
2317,0
6223,3
8050,1
5403,0
12257,0
13647,0
8587,0
28,0
485,0
14414,0
9021,0
824,0
3772,1
5400,0
7791,0
12346,0
5275,1
9136,4
8490,0
14272,0
375,2
10918,0
14906,2
5899,4
6564,0
8769,0
9629,0
7178,0
3510,0
988,0
11426,0
659,2
11541,1
3907,4
6320,2
2658,1
12936,1
4447,3
13067,0
7768,3
3683,3
2030,0
2969,2
9526,2
7692,0
9977,0
356,0
5666,0
6481,2
2477,4
12907,0
12080,1
12416,1
10324,3
1971,1
5516,1
3941,0
990,0
3199,0
3742,4
9833,1
11340,0
8042,2
4118,4
12393,4
7732,0
3938,1
11822,0
5471,0
9448,1
13935,0
9557,0
10135,0
3480,4
14264,0
14873,1
4840,0
8483,1
8219,3
8422,0
6942,0
2455,3
24,1
2970,4
3304,3
335,0
2116,0
12494,0
11118,4
2671,0
61,1
14972,4
10442,0
8963,1
8781,0
10124,2
5839,0
14934,0
11908,0
1154,0
3436,0
2092,0
2099,1
6762,4
3769,0
13878,3
7696,0
7685,0
7119,0
572,1
11128,2
2556,3
11866,3
6478,1
4214,0
422,2
626,0
6049,0
654,0
1185,1
12181,1
11765,0
2247,3
11442,3
7164,0
10058,3
1642,3
42,2
10988,0
5283,0
399,0
9976,2
4066,0
1214,0
9827,4
4539,4
2663,4
7656,0
12408,0
2340,4
6870,0
8570,0
1046,0
13213,2
5586,0
6310,0
13814,0
6163,2
14130,1
9802,0
14008,0
9895,4
9924,0
799,2
13070,2
1431,1
4752,0
5044,0
6278,0
7286,4
14054,0
2505,0
8049,3
12841,0
7822,0
14170,3
10035,0
12098,1
10445,4
5437,0
714,4
14813,0
7147,0
12741,4
178,3
2708,4
8841,0
4833,0
2385,2
8663,0
5006,2
11793,4
1572,0
2480,0
10376,0
7019,0
12048,3
11487,2
7075,4
12500,4
8147,0
4213,0
8364,1
1102,4
8671,0
12550,2
11648,4
8783,3
4170,1
11589,1
1659,3
719,2
10199,0
10455,2
9474,3
6121,0
4863,0
9275,0
14495,0
5007,0
6650,0
4677,1
4416,0
7244,0
6702,1
6097,2
6554,0
9824,4
8583,0
7464,3
9019,0
13650,4
3697,0
8249,0
14115,0
3822,0
9198,2
10251,2
8163,0
3378,3
5660,0
13767,0
10139,4
3858,2
13632,0
2034,2
5522,0
5319,2
985,0
12132,0
11937,2
8347,1
9156,0
266,0
5556,3
13128,0
2054,2
2870,1
9076,0
14591,2
10893,0
12055,0
6532,0
10802,0
13316,0
11960,0
11525,0
13453,1
7094,0
8227,0
9912,3
3006,4
13362,0
9776,4
12154,4
7627,0
8828,0
10793,0
9785,0
11835,0
1447,1
8626,2
4760,3
10570,0
953,4
3554,0
7859,1
8432,0
7827,0
11072,4
11523,3
3886,4
12946,2
7854,1
13944,1
12359,0
14203,1
12715,0
7241,0
11862,0
1145,0
9479,2
11061,0
10600,0
1197,2
1906,0
13429,0
14672,0
4107,3
5967,1
14655,0
7309,0
6282,0
2730,2
7643,0
14346,0
6435,0
10364,4
14805,0
4795,4
11336,0
4445,3
7780,2
5325,0
11497,0
4868,4
495,0
10744,0
14969,0
4048,0
8652,4
14556,3
2215,0
10505,1
10690,1
3217,0
3531,2
10885,4
1262,0
6803,0
4708,2
13682,3
1424,0
9134,4
12163,0
7154,0
5704,0
10471,0
11946,0
6776,2
11370,0
14679,0
10510,0
8531,2
10475,2
12619,2
11133,4
6883,4
7020,0
4675,0
9813,3
4046,0
12466,1
14627,2
6985,0
10869,0
6338,0
8184,0
4966,0
3559,1
6967,0
4962,2
3338,1
7031,0
12201,4
13071,0
11327,0
4918,0
12394,0
11088,0
12372,0
14309,0
2319,4
7748,4
6307,1
5857,0
6,0
3397,0
7494,1
10487,0
7307,3
4244,0
9835,4
516,0
7804,0
8888,0
8983,2
5821,0
9328,1
6937,0
10329,0
5414,0
10027,2
3091,0
14755,0
4654,0
9645,0
13981,0
455,4
14132,0
14864,2
14793,0
11528,0
1847,0
5130,0
5150,0
10094,1
4789,4
3056,4
11851,0
4547,0
10970,0
5638,2
9146,2
8604,1
5534,4
6793,3
2279,0
5294,1
14262,0
834,0
5687,0
2834,4
4341,0
8767,0
9319,0
11812,3
2057,4
10114,0
13799,0
14291,0
9084,2
6335,2
2955,0
7619,3
4927,3
8181,2
8304,2
8274,4
13437,1
11290,0
3673,0
9241,0
9606,1
7381,0
13048,0
1416,4
4540,4
879,1
6008,2
1307,0
10143,0
640,0
5632,1
2405,0
9984,1
2294,0
6438,0
8264,4
11247,3
1100,0
6458,2
6693,0
817,4
2965,4
6118,0
13196,4
427,0
6011,0
13140,0
12314,4
5423,0
5422,1
2130,0
11427,3
8435,0
5345,1
4982,1
8535,3
14104,0
11814,4
7967,0
6023,2
10441,0
6411,0
13840,0
790,4
4175,1
421,4
1057,2
13304,4
9975,4
503,0
10089,2
8281,0
526,0
33,0
14123,0
11058,0
14215,4
2328,0
2873,1
5803,0
6910,0
8853,4
6534,3
3826,3
4331,3
13439,4
1177,4
9219,0
371,0
3020,0
9462,2
14072,0
9070,1
10984,2
12854,2
194,0
110,0
12534,4
1252,4
14902,0
5706,0
2689,0
7295,0
9200,0
11785,0
13166,2
11798,1
1129,4
1935,0
4829,2
2188,4
786,4
8774,2
9599,0
6387,0
9312,0
636,3
3587,0
13537,4
12273,2
9907,0
1682,1
10543,1
3305,0
9517,0
6535,4
9943,2
8687,4
13915,0
8844,4
7995,0
14249,0
2525,0
1780,0
4870,1
13005,0
567,1
7683,0
8699,3
14983,4
39,2
805,4
6931,1
4831,0
13097,0
4375,4
9055,0
5251,0
4284,0
9120,0
9856,0
3445,4
10232,0
14071,1
1196,0
4154,0
11233,3
9916,1
12279,0
9226,0
1464,3
7694,0
11059,2
12528,0
13154,1
6592,0
3110,1
6821,2
1915,0
1674,2
12745,2
1337,1
7650,2
2096,1
5775,4
4125,0
4994,0
3321,0
7840,3
12660,1
6792,0
14102,4
12432,2
2251,0
1031,0
4878,0
10286,0
967,2
13019,0
3493,4
1298,4
9848,0
2192,1
2498,4
12409,0
11287,0
13818,0
2022,1
8786,2
4097,4
1853,0
12429,3
7786,0
6042,2
40,1
12974,0
2450,4
3486,0
3364,3
14489,0
12523,4
6909,4
12156,4
11453,0
7875,1
5701,0
8407,1
2050,1
6962,3
3106,1
13069,0
14721,2
11090,2
7561,0
13728,1
7311,3
11503,0
10072,0
8586,4
6971,2
11581,0
1643,0
2750,0
13062,4
9135,2
10905,2
9420,0
4117,1
4818,2
413,0
6400,0
6228,1
13260,0
1829,0
11266,4
5785,2
7530,0
11042,1
14372,1
10526,0
7737,0
4006,0
14047,0
13221,2
12225,0
1263,1
1818,0
1765,4
726,4
5200,0
10454,0
9803,1
10872,2
2558,4
11328,1
3956,1
2576,0
11897,0
6407,4
2080,0
12673,0
10349,0
8563,1
5779,1
11694,1
2432,1
7320,1
2160,3
8450,0
8984,0
14560,0
350,4
2734,4
2374,1
12527,0
9117,2
2594,0
9960,0
3324,0
12236,1
5893,3
8662,0
9929,1
1025,0
4271,0
6248,0
9317,1
13150,2
5399,4
3682,0
5439,1
9798,4
12984,0
8023,1
7841,0
9264,0
8637,0
12039,0
2357,2
4088,1
4115,1
1288,0
2984,0
7129,2
4712,0
14927,0
3691,4
10285,2
12113,0
13517,0
8461,0
2941,1
6696,0
10788,0
3327,3
605,0
4266,4
8174,0
14037,0
11817,0
3100,0
4460,1
9174,2
10181,2
202,0
7978,0
13953,0
6933,0
4508,1
6672,0
9177,0
6645,4
1812,2
3821,0
4975,0
8516,0
3307,0
7652,2
1747,4
2427,4
8072,3
10633,0
12368,2
651,0
3519,0
3681,0
10238,0
1897,0
8420,1
3617,2
2621,0
10758,1
6408,4
10513,4
11137,0
3993,2
9389,1
2104,4
4196,0
1702,1
13566,3
14839,0
3727,2
6037,0
7373,1
1237,2
6862,4
14677,0
4235,0
6949,2
5875,1
5714,0
1388,0
8026,4
13658,0
10382,4
13695,0
9594,0
9719,1
1974,0
6853,1
7401,1
11803,0
14689,1
6357,0
9490,2
6319,0
1413,0
12109,4
14099,3
7829,4
7598,0
10406,0
3650,0
1981,0
5574,3
1016,4
9859,0
6442,4
2866,0
7458,0
4024,0
3144,0
4494,0
7582,0
9819,1
13425,4
6242,0
5931,0
1911,0
4063,0
5147,2
6529,1
7910,0
7014,0
8100,3
14673,1
5842,3
13380,1
1776,0
5083,4
3074,3
5963,4
7419,2
12,4
13826,0
3741,0
8900,4
2470,2
10849,4
6378,0
3735,1
8393,0
11930,0
461,0
9323,0
3909,4
13676,0
4162,4
7668,4
2623,4
14550,0
13645,4
2445,0
14256,4
1732,2
4786,3
9735,0
4827,0
6748,2
2360,1
10688,0
6948,1
9744,4
9999,4
1603,1
14937,0
5222,2
13957,0
14278,2
14826,1
7073,0
12259,0
7830,0
13708,0
1013,0
12470,1
10162,4
721,3
9232,4
4590,0
2647,0
606,0
3045,2
11202,2
2175,2
624,0
861,1
9675,0
877,1
8544,0
6887,1
10310,0
3150,0
6641,2
13207,0
13980,0
10986,4
13528,0
13305,0
10040,4
11087,0
7142,4
13665,4
2320,0
9214,0
4847,0
11513,0
9756,1
1781,3
13228,4
13259,4
3456,2
1810,0
12909,0
12513,1
113,0
6450,0
11800,0
1397,3
7260,4
14982,0
4210,0
2098,4
13175,4
14843,3
6912,0
13222,0
10579,0
7744,0
14441,2
13002,2
447,0
9878,0
8078,3
5268,4
13241,4
14971,4
9991,0
5525,0
12791,1
6293,0
5571,2
14768,0
9727,0
305,0
13994,4
10980,0
14573,4
6333,0
9298,0
8766,0
7706,0
1679,1
3017,0
1939,0
1560,3
9086,0
3082,0
9893,0
4916,0
12892,2
798,4
10933,2
1353,1
6273,0
2465,0
6880,0
1113,3
12536,4
2126,3
8210,2
12914,1
14886,0
13061,3
14749,1
6616,2
1685,0
9633,2
2673,0
2351,0
9854,3
11365,3
1012,0
13622,0
3760,2
3528,0
9406,1
252,0
3890,0
2759,0
9664,0
12962,0
5524,0
285,3
2642,0
13178,2
1863,3
10041,0
6556,1
14139,3
12766,3
2284,2
10491,0
10580,1
7314,0
9615,1
1115,0
4852,2
2549,1
8241,2
1500,4
5720,4
7669,0
14415,0
2275,1
870,1
14201,2
2090,0
4192,0
2809,0
8704,4
142,4
7548,1
7800,2
6627,0
7365,0
8193,0
11920,0
9336,0
8018,0
2048,3
14233,0
1827,2
8959,1
2812,3
9466,0
6209,0
4084,0
8390,2
1986,1
13428,0
13232,0
2983,2
9598,0
12331,0
13041,2
12387,0
9668,0
9403,1
2087,0
7,0
13487,2
11547,0
5335,1
3843,1
5465,1
10174,0
269,4
11536,0
13119,0
5012,0
4798,3
12989,0
8054,0
677,2
7482,1
3994,1
1896,0
2996,2
583,0
14584,2
5547,0
6859,0
6470,2
8232,0
8759,2
10435,4
10230,4
12139,0
11448,0
7832,4
13199,0
10483,1
3857,0
4360,1
11695,0
6460,2
11943,0
7497,0
9962,4
1605,0
13118,0
10125,3
4070,0
9368,0
14963,4
1215,2
3699,0
9554,4
7279,0
14738,0
5355,0
3808,2
12219,0
3104,0
13857,1
5426,2
8879,4
13932,0
5037,2
8055,2
1866,0
2833,0
13092,1
5024,1
7788,4
2355,0
9123,0
5082,4
6920,4
13407,4
3524,0
6084,4
9693,0
3249,0
12059,4
11044,0
8230,0
13612,1
7230,2
1168,1
2049,2
2676,0
12112,1
6465,1
10239,0
4114,1
14574,2
1860,0
10001,2
6466,4
9098,0
9494,2
12877,0
9906,0
8887,0
12083,3
3111,0
644,1
6986,4
14780,4
13473,0
6343,0
13982,3
7480,0
3983,1
7774,0
6827,1
772,0
12077,0
2863,1
4202,1
12742,1
9147,2
10643,0
14028,0
6788,2
14562,0
8082,0
7924,0
13972,0
14197,2
2125,0
8588,2
10133,2
12232,1
9679,2
6428,0
12604,0
2856,4
6108,2
9647,0
2146,1
1188,1
4432,3
11371,0
11491,0
4317,0
8038,4
8305,3
7039,4
6659,2
9361,0
2524,0
7049,3
7341,4
7954,0
12486,1
11366,4
8776,0
4207,2
6332,1
5432,4
10641,1
7011,0
11270,0
4361,1
2336,1
5050,0
6072,0
753,0
14919,1
7022,1
11651,0
1062,1
6720,0
1522,0
3050,1
2520,4
2745,2
13501,1
2229,1
8136,1
4067,1
6434,0
9965,0
8780,4
3229,0
7023,1
8271,0
5934,0
13754,4
8212,1
9689,0
14694,4
12994,3
9152,0
14209,4
11246,0
2533,0
303,1
12529,2
8859,0
3807,2
11375,4
14461,0
12296,3
11210,3
3661,0
13599,4
4340,4
7933,0
2068,0
13385,2
8336,0
7199,0
11542,2
971,0
4179,0
6418,0
70,3
3883,0
10385,0
10730,2
10237,0
9369,4
5259,0
10415,2
10547,0
7820,4
3953,4
7240,4
3605,0
4491,0
2702,1
9488,0
12956,0
1317,1
8480,0
14395,2
542,0
6608,0
5633,2
418,0
3544,4
1163,1
8592,1
6029,0
2287,2
10638,2
596,0
10888,1
12241,1
8623,2
4126,0
4203,1
12170,4
5956,0
4521,0
445,4
8308,0
1460,2
6315,4
7028,0
12061,0
7742,1
5855,4
14118,4
2865,0
4178,0
2817,1
11436,0
14019,4
10677,0
5436,2
3967,0
1689,0
2038,0
13755,1
14663,3
3568,0
2700,3
14644,2
12379,0
6723,3
5777,2
728,3
13035,0
13234,0
10991,0
8660,0
11715,2
2451,0
4379,2
6615,0
10651,0
1018,1
41,2
4232,4
1692,1
14226,0
12250,2
7906,0
5427,2
7552,0
7330,1
2217,2
13678,0
10756,4
11459,1
2552,0
10107,1
12934,4
1432,0
12740,3
1417,3
9311,4
11923,0
2609,0
9027,3
1775,0
13522,0
5000,0
10909,4
12440,4
2641,0
9375,0
9364,0
7726,0
6682,0
4220,0
7639,0
1760,1
5180,0
12302,3
11306,0
7221,0
13626,4
1220,1
6360,4
5097,1
6331,1
14080,0
1458,4
14754,2
7649,2
13593,4
12495,3
8137,4
5090,0
14725,3
8763,0
13620,1
10896,0
13239,1
12889,2
6947,0
11140,0
704,0
473,0
12973,1
12944,1
5497,0
10957,0
2577,0
1130,0
4771,0
8266,0
5073,0
10170,3
13342,0
13016,1
12386,0
4258,4
12400,1
6624,0
14222,0
699,2
14340,3
7091,2
8734,0
11917,1
6703,0
8285,0
1448,0
815,0
2389,4
2956,4
2703,0
6799,0
11181,4
5938,1
12121,0
10961,0
5477,0
4845,4
14277,0
5948,4
1948,0
9510,0
10609,2
11751,0
10532,4
11610,0
2331,2
12935,2
10794,0
5858,0
11759,0
10408,0
170,1
5661,1
711,1
7186,0
9165,2
10623,0
6558,0
12151,0
7108,2
3122,1
4548,0
1990,0
9251,2
12460,0
10410,0
4,0
7126,1
3961,0
1767,0
7941,1
9804,2
11416,2
607,1
4602,0
679,0
5659,3
13850,1
10684,0
3500,0
14024,4
1805,1
14736,3
8668,4
13947,3
11144,3
7672,4
1841,0
13605,3
10293,0
4132,4
8207,2
8911,0
5975,0
6046,1
2976,0
5971,0
9579,2
6281,4
5032,2
14266,0
5741,0
3236,0
1146,1
9014,0
10830,0
6140,0
12746,4
12885,1
13570,4
4538,0
5515,0
12769,2
12020,3
4353,4
7361,4
1514,4
351,2
3432,0
7169,2
9020,2
10971,0
4792,2
8487,0
2162,0
12514,0
5836,0
11113,3
35,1
14742,2
11460,4
277,0
11752,2
9891,3
14986,4
9092,0
8312,2
9522,3
11056,0
10007,0
1436,0
3395,2
9005,0
6709,0
11871,0
1489,2
14147,4
5617,0
2843,2
5145,0
7616,3
3813,0
11100,2
6099,0
12628,2
1764,0
14143,0
5374,3
2407,4
1524,0
295,0
14287,1
7157,0
14850,0
9837,3
7711,1
14757,0
1678,0
10835,0
7524,0
10848,0
5225,0
13942,2
13049,0
13892,0
3177,0
8044,0
3641,2
6734,3
6587,0
9734,0
6938,1
12226,0
783,0
7134,4
2543,0
2422,2
11452,1
5727,2
2624,0
12760,4
11190,1
8447,0
6906,4
10574,0
5059,0
3257,1
9771,4
239,0
13350,4
10078,0
8872,4
1084,0
10560,2
10919,0
13893,0
7444,4
12324,2
5100,2
14377,3
2348,1
5231,0
13308,0
2964,0
13457,0
3501,0
2363,3
2595,1
10910,0
394,0
7811,3
9570,3
5388,0
11424,1
7114,4
10780,1
10038,0
3461,2
555,0
10248,1
10008,1
14259,0
1175,0
11239,1
13898,0
11194,0
2392,0
10904,2
13581,1
2720,0
12870,1
1862,0
8803,0
562,4
9949,0
10478,3
7825,0
12188,1
9552,0
3373,0
13785,2
5837,1
8546,0
14646,4
11976,1
9277,1
13492,4
8240,2
4276,4
16,0
4303,0
1290,0
4871,0
11255,0
4169,4
10854,2
9161,0
4705,1
9412,4
12940,2
10773,0
540,3
5016,2
3087,4
14344,0
7952,0
7173,0
1347,0
11682,4
4983,1
6791,1
14527,0
11447,4
2307,4
7034,0
4393,0
12281,0
8579,3
1419,2
14250,2
14802,0
7500,4
6224,2
709,0
450,0
14860,3
13252,4
7455,0
13281,1
8001,1
14420,0
3547,2
3028,0
8787,0
12075,0
9399,2
5287,4
6742,3
6441,0
5020,0
6956,0
633,0
13533,1
7391,2
5572,2
6175,0
1021,1
4193,0
2249,1
2747,2
3794,0
5240,2
10229,3
3729,1
13003,1
6813,0
7076,1
535,4
448,0
6267,0
12561,0
5969,4
11668,0
10261,1
11514,0
420,1
12022,3
11912,0
10341,0
10225,4
9663,0
9342,0
1184,0
6507,0
3198,2
4219,0
10004,4
1697,0
2101,0
8874,0
14671,0
12317,1
5808,4
9178,4
9707,0
12146,0
5413,3
10501,1
814,4
5393,0
3408,4
13946,0
4413,0
8292,0
4882,0
4171,0
4733,0
4729,0
4436,0
8384,0
14329,0
6805,2
4043,4
10361,0
8675,0
3176,2
7502,3
3262,0
2178,0
7987,0
8635,0
4620,4
5406,4
833,4
3318,0
5591,4
2573,0
1198,2
8351,0
6322,2
9518,0
9966,0
5713,0
13444,0
1249,0
8499,0
10871,0
3923,0
10944,1
1750,2
4411,0
10672,0
10774,0
14647,1
7143,2
14014,2
1963,0
14127,0
5120,1
6137,0
12805,4
7564,3
11496,1
8856,4
4937,2
7574,4
11780,0
